last_name,first_name,full_name,birthday,gender,type,state,party,url
Brown,Sherrod,Sherrod Brown,11/9/1952,M,sen,OH,https://www.brown.senate.gov,
Cantwell,Maria,Maria Cantwell,10/13/1958,F,sen,WA,https://www.cantwell.senate.gov,
Cardin,Benjamin,Benjamin L. Cardin,10/5/1943,M,sen,MD,https://www.cardin.senate.gov,
Carper,Thomas,Thomas R. Carper,1/23/1947,M,sen,DE,https://www.carper.senate.gov/public,
Casey,Robert,Robert P. Casey,4/13/1960,M,sen,PA,https://www.casey.senate.gov,
Feinstein,Dianne,Dianne Feinstein,6/22/1933,F,sen,CA,https://www.feinstein.senate.gov,
Klobuchar,Amy,Amy Klobuchar,5/25/1960,F,sen,MN,https://www.klobuchar.senate.gov,
Menendez,Robert,Robert Menendez,1/1/1954,M,sen,NJ,https://www.menendez.senate.gov,
Sanders,Bernard,Bernard Sanders,9/8/1941,M,sen,VT,https://www.sanders.senate.gov,
Stabenow,Debbie,Debbie Stabenow,4/29/1950,F,sen,MI,https://www.stabenow.senate.gov,
Tester,Jon,Jon Tester,8/21/1956,M,sen,MT,https://www.tester.senate.gov,
Whitehouse,Sheldon,Sheldon Whitehouse,10/20/1955,M,sen,RI,https://www.whitehouse.senate.gov,
Barrasso,John,John Barrasso,7/21/1952,M,sen,WY,https://www.barrasso.senate.gov,
Wicker,Roger,Roger F. Wicker,7/5/1951,M,sen,MS,https://www.wicker.senate.gov,
Alexander,Lamar,Lamar Alexander,7/3/1940,M,sen,TN,https://www.alexander.senate.gov/public,
Collins,Susan,Susan M. Collins,12/7/1952,F,sen,ME,https://www.collins.senate.gov,
Cornyn,John,John Cornyn,2/2/1952,M,sen,TX,https://www.cornyn.senate.gov,
Durbin,Richard,Richard J. Durbin,11/21/1944,M,sen,IL,https://www.durbin.senate.gov,
Enzi,Michael,Michael B. Enzi,2/1/1944,M,sen,WY,https://www.enzi.senate.gov,
Graham,Lindsey,Lindsey Graham,7/9/1955,M,sen,SC,https://www.lgraham.senate.gov/public,
Inhofe,James,James M. Inhofe,11/17/1934,M,sen,OK,https://www.inhofe.senate.gov,
McConnell,Mitch,Mitch McConnell,2/20/1942,M,sen,KY,https://www.mcconnell.senate.gov,
Merkley,Jeff,Jeff Merkley,10/24/1956,M,sen,OR,https://www.merkley.senate.gov,
Reed,John,Jack Reed,11/12/1949,M,sen,RI,https://www.reed.senate.gov,
Risch,James,James E. Risch,5/3/1943,M,sen,ID,https://www.risch.senate.gov,
Roberts,Pat,Pat Roberts,4/20/1936,M,sen,KS,https://www.roberts.senate.gov,
Shaheen,Jeanne,Jeanne Shaheen,1/28/1947,F,sen,NH,https://www.shaheen.senate.gov,
Udall,Tom,Tom Udall,5/18/1948,M,sen,NM,https://www.tomudall.senate.gov,
Warner,Mark,Mark R. Warner,12/15/1954,M,sen,VA,https://www.warner.senate.gov,
Gillibrand,Kirsten,Kirsten E. Gillibrand,12/9/1966,F,sen,NY,https://www.gillibrand.senate.gov,
Coons,Chris,Christopher A. Coons,9/9/1963,M,sen,DE,https://www.coons.senate.gov,
Manchin,Joe,Joe Manchin,8/24/1947,M,sen,WV,https://www.manchin.senate.gov,
Aderholt,Robert,Robert B. Aderholt,7/22/1965,M,rep,AL,Republican,https://aderholt.house.gov
Amash,Justin,Justin Amash,4/18/1980,M,rep,MI,Libertarian,https://amash.house.gov
Baldwin,Tammy,Tammy Baldwin,2/11/1962,F,sen,WI,https://www.baldwin.senate.gov,
Bass,Karen,Karen Bass,10/3/1953,F,rep,CA,Democrat,https://bass.house.gov
Bennet,Michael,Michael F. Bennet,11/28/1964,M,sen,CO,https://www.bennet.senate.gov/public,
Bilirakis,Gus,Gus M. Bilirakis,2/8/1963,M,rep,FL,Republican,https://bilirakis.house.gov
Bishop,Rob,Rob Bishop,7/13/1951,M,rep,UT,Republican,https://robbishop.house.gov
Bishop,Sanford,Sanford D. Bishop,2/4/1947,M,rep,GA,Democrat,https://bishop.house.gov
Blackburn,Marsha,Marsha Blackburn,6/6/1952,F,sen,TN,https://www.blackburn.senate.gov,
Blumenauer,Earl,Earl Blumenauer,8/16/1948,M,rep,OR,Democrat,https://blumenauer.house.gov
Blumenthal,Richard,Richard Blumenthal,2/13/1946,M,sen,CT,https://www.blumenthal.senate.gov,
Blunt,Roy,Roy Blunt,1/10/1950,M,sen,MO,https://www.blunt.senate.gov,
Boozman,John,John Boozman,12/10/1950,M,sen,AR,https://www.boozman.senate.gov/public,
Brady,Kevin,Kevin Brady,4/11/1955,M,rep,TX,Republican,https://kevinbrady.house.gov
Brooks,Mo,Mo Brooks,4/29/1954,M,rep,AL,Republican,https://brooks.house.gov
Buchanan,Vern,Vern Buchanan,5/8/1951,M,rep,FL,Republican,https://buchanan.house.gov
Bucshon,Larry,Larry Bucshon,5/31/1962,M,rep,IN,Republican,https://bucshon.house.gov
Burgess,Michael,Michael C. Burgess,12/23/1950,M,rep,TX,Republican,https://burgess.house.gov
Burr,Richard,Richard Burr,11/30/1955,M,sen,NC,https://www.burr.senate.gov,
Butterfield,George,G. K. Butterfield,4/27/1947,M,rep,NC,Democrat,https://butterfield.house.gov
Calvert,Ken,Ken Calvert,6/8/1953,M,rep,CA,Republican,https://calvert.house.gov
Capito,Shelley,Shelley Moore Capito,11/26/1953,F,sen,WV,https://www.capito.senate.gov,
Carson,André,André Carson,10/16/1974,M,rep,IN,Democrat,https://carson.house.gov
Carter,John,John R. Carter,11/6/1941,M,rep,TX,Republican,https://carter.house.gov
Cassidy,Bill,Bill Cassidy,9/28/1957,M,sen,LA,https://www.cassidy.senate.gov,
Castor,Kathy,Kathy Castor,8/20/1966,F,rep,FL,Democrat,https://castor.house.gov
Chabot,Steve,Steve Chabot,1/22/1953,M,rep,OH,Republican,https://chabot.house.gov
Chu,Judy,Judy Chu,7/7/1953,F,rep,CA,Democrat,https://chu.house.gov
Cicilline,David,David N. Cicilline,7/15/1961,M,rep,RI,Democrat,https://cicilline.house.gov
Clarke,Yvette,Yvette D. Clarke,11/21/1964,F,rep,NY,Democrat,https://clarke.house.gov
Clay,Wm.,Wm. Lacy Clay,7/27/1956,M,rep,MO,Democrat,https://lacyclay.house.gov
Cleaver,Emanuel,Emanuel Cleaver,10/26/1944,M,rep,MO,Democrat,https://cleaver.house.gov
Clyburn,James,James E. Clyburn,7/21/1940,M,rep,SC,Democrat,https://clyburn.house.gov
Cohen,Steve,Steve Cohen,5/24/1949,M,rep,TN,Democrat,https://cohen.house.gov
Cole,Tom,Tom Cole,4/28/1949,M,rep,OK,Republican,https://cole.house.gov
Conaway,K.,K. Michael Conaway,6/11/1948,M,rep,TX,Republican,https://conaway.house.gov
Connolly,Gerald,Gerald E. Connolly,3/30/1950,M,rep,VA,Democrat,https://connolly.house.gov
Cooper,Jim,Jim Cooper,6/19/1954,M,rep,TN,Democrat,https://cooper.house.gov
Costa,Jim,Jim Costa,4/13/1952,M,rep,CA,Democrat,https://costa.house.gov
Courtney,Joe,Joe Courtney,4/6/1953,M,rep,CT,Democrat,https://courtney.house.gov
Crapo,Michael,Mike Crapo,5/20/1951,M,sen,ID,https://www.crapo.senate.gov,
Crawford,Eric,"Eric A. ""Rick"" Crawford",1/22/1966,M,rep,AR,Republican,https://crawford.house.gov
Cuellar,Henry,Henry Cuellar,9/19/1955,M,rep,TX,Democrat,https://cuellar.house.gov
Davis,Danny,Danny K. Davis,9/6/1941,M,rep,IL,Democrat,https://davis.house.gov
Davis,Susan,Susan A. Davis,4/13/1944,F,rep,CA,Democrat,https://susandavis.house.gov
DeFazio,Peter,Peter A. DeFazio,5/27/1947,M,rep,OR,Democrat,https://defazio.house.gov
DeGette,Diana,Diana DeGette,7/29/1957,F,rep,CO,Democrat,https://degette.house.gov
DeLauro,Rosa,Rosa L. DeLauro,3/2/1943,F,rep,CT,Democrat,https://delauro.house.gov
DesJarlais,Scott,Scott DesJarlais,2/21/1964,M,rep,TN,Republican,https://desjarlais.house.gov
Deutch,Theodore,Theodore E. Deutch,5/7/1966,M,rep,FL,Democrat,https://teddeutch.house.gov
Diaz-Balart,Mario,Mario Diaz-Balart,9/25/1961,M,rep,FL,Republican,https://mariodiazbalart.house.gov
Doggett,Lloyd,Lloyd Doggett,10/6/1946,M,rep,TX,Democrat,https://doggett.house.gov
Doyle,Michael,Michael F. Doyle,8/5/1953,M,rep,PA,Democrat,https://doyle.house.gov
Duncan,Jeff,Jeff Duncan,1/7/1966,M,rep,SC,Republican,https://jeffduncan.house.gov
Engel,Eliot,Eliot L. Engel,2/18/1947,M,rep,NY,Democrat,https://engel.house.gov
Eshoo,Anna,Anna G. Eshoo,12/13/1942,F,rep,CA,Democrat,https://eshoo.house.gov
Fleischmann,Charles,"Charles J. ""Chuck"" Fleischmann",10/11/1962,M,rep,TN,Republican,https://fleischmann.house.gov
Flores,Bill,Bill Flores,2/25/1954,M,rep,TX,Republican,https://flores.house.gov
Fortenberry,Jeff,Jeff Fortenberry,12/27/1960,M,rep,NE,Republican,https://fortenberry.house.gov
Foxx,Virginia,Virginia Foxx,6/29/1943,F,rep,NC,Republican,https://foxx.house.gov
Fudge,Marcia,Marcia L. Fudge,10/29/1952,F,rep,OH,Democrat,https://fudge.house.gov
Garamendi,John,John Garamendi,1/24/1945,M,rep,CA,Democrat,https://garamendi.house.gov
Gardner,Cory,Cory Gardner,8/22/1974,M,sen,CO,https://www.gardner.senate.gov,
Gibbs,Bob,Bob Gibbs,6/14/1954,M,rep,OH,Republican,https://gibbs.house.gov
Gohmert,Louie,Louie Gohmert,8/18/1953,M,rep,TX,Republican,https://gohmert.house.gov
Gosar,Paul,Paul A. Gosar,11/22/1958,M,rep,AZ,Republican,https://gosar.house.gov
Granger,Kay,Kay Granger,1/18/1943,F,rep,TX,Republican,https://kaygranger.house.gov
Grassley,Charles,Chuck Grassley,9/17/1933,M,sen,IA,https://www.grassley.senate.gov,
Graves,Sam,Sam Graves,11/7/1963,M,rep,MO,Republican,https://graves.house.gov
Green,Al,Al Green,9/1/1947,M,rep,TX,Democrat,https://algreen.house.gov
Griffith,H.,H. Morgan Griffith,3/15/1958,M,rep,VA,Republican,https://morgangriffith.house.gov
Grijalva,Raúl,Raúl M. Grijalva,2/19/1948,M,rep,AZ,Democrat,https://grijalva.house.gov
Guthrie,Brett,Brett Guthrie,2/18/1964,M,rep,KY,Republican,https://guthrie.house.gov
Harris,Andy,Andy Harris,1/25/1957,M,rep,MD,Republican,https://harris.house.gov
Hartzler,Vicky,Vicky Hartzler,10/13/1960,F,rep,MO,Republican,https://hartzler.house.gov
Hastings,Alcee,Alcee L. Hastings,9/5/1936,M,rep,FL,Democrat,https://alceehastings.house.gov
Heinrich,Martin,Martin Heinrich,10/17/1971,M,sen,NM,https://www.heinrich.senate.gov,
Herrera Beutler,Jaime,Jaime Herrera Beutler,11/3/1978,F,rep,WA,Republican,https://herrerabeutler.house.gov
Higgins,Brian,Brian Higgins,10/6/1959,M,rep,NY,Democrat,https://higgins.house.gov
Himes,James,James A. Himes,7/5/1966,M,rep,CT,Democrat,https://himes.house.gov
Hirono,Mazie,Mazie K. Hirono,11/3/1947,F,sen,HI,https://www.hirono.senate.gov,
Hoeven,John,John Hoeven,3/13/1957,M,sen,ND,https://www.hoeven.senate.gov,
Hoyer,Steny,Steny H. Hoyer,6/14/1939,M,rep,MD,Democrat,https://hoyer.house.gov
Huizenga,Bill,Bill Huizenga,1/31/1969,M,rep,MI,Republican,https://huizenga.house.gov
Jackson Lee,Sheila,Sheila Jackson Lee,1/12/1950,F,rep,TX,Democrat,https://jacksonlee.house.gov
Johnson,Bill,Bill Johnson,11/10/1954,M,rep,OH,Republican,https://billjohnson.house.gov
Johnson,Eddie,Eddie Bernice Johnson,12/3/1935,F,rep,TX,Democrat,https://ebjohnson.house.gov
Johnson,Henry,"Henry C. ""Hank"" Johnson",10/2/1954,M,rep,GA,Democrat,https://hankjohnson.house.gov
Johnson,Ron,Ron Johnson,4/8/1955,M,sen,WI,https://www.ronjohnson.senate.gov,
Jordan,Jim,Jim Jordan,2/17/1964,M,rep,OH,Republican,https://jordan.house.gov
Kaptur,Marcy,Marcy Kaptur,6/17/1946,F,rep,OH,Democrat,https://kaptur.house.gov
Keating,William,William R. Keating,9/6/1952,M,rep,MA,Democrat,https://keating.house.gov
Kelly,Mike,Mike Kelly,5/10/1948,M,rep,PA,Republican,https://kelly.house.gov
Kind,Ron,Ron Kind,3/16/1963,M,rep,WI,Democrat,https://kind.house.gov
King,Peter,Peter T. King,4/5/1944,M,rep,NY,Republican,https://peteking.house.gov
King,Steve,Steve King,5/28/1949,M,rep,IA,Republican,https://steveking.house.gov
Kinzinger,Adam,Adam Kinzinger,2/27/1978,M,rep,IL,Republican,https://kinzinger.house.gov
Lamborn,Doug,Doug Lamborn,5/24/1954,M,rep,CO,Republican,https://lamborn.house.gov
Langevin,James,James R. Langevin,4/22/1964,M,rep,RI,Democrat,https://langevin.house.gov
Lankford,James,James Lankford,3/4/1968,M,sen,OK,https://www.lankford.senate.gov,
Larsen,Rick,Rick Larsen,6/15/1965,M,rep,WA,Democrat,https://larsen.house.gov
Larson,John,John B. Larson,7/22/1948,M,rep,CT,Democrat,https://larson.house.gov
Latta,Robert,Robert E. Latta,4/18/1956,M,rep,OH,Republican,https://latta.house.gov
Leahy,Patrick,Patrick J. Leahy,3/31/1940,M,sen,VT,https://www.leahy.senate.gov,
Lee,Barbara,Barbara Lee,7/16/1946,F,rep,CA,Democrat,https://lee.house.gov
Lee,Mike,Mike Lee,6/4/1971,M,sen,UT,https://www.lee.senate.gov/public,
Lipinski,Daniel,Daniel Lipinski,7/15/1966,M,rep,IL,Democrat,https://lipinski.house.gov
Loebsack,David,David Loebsack,12/23/1952,M,rep,IA,Democrat,https://loebsack.house.gov
Lofgren,Zoe,Zoe Lofgren,12/21/1947,F,rep,CA,Democrat,https://lofgren.house.gov
Long,Billy,Billy Long,8/11/1955,M,rep,MO,Republican,https://long.house.gov
Lowey,Nita,Nita M. Lowey,7/5/1937,F,rep,NY,Democrat,https://lowey.house.gov
Lucas,Frank,Frank D. Lucas,1/6/1960,M,rep,OK,Republican,https://lucas.house.gov
Luetkemeyer,Blaine,Blaine Luetkemeyer,5/7/1952,M,rep,MO,Republican,https://luetkemeyer.house.gov
Luján,Ben,Ben Ray Luján,6/7/1972,M,rep,NM,Democrat,https://lujan.house.gov
Lynch,Stephen,Stephen F. Lynch,3/31/1955,M,rep,MA,Democrat,https://lynch.house.gov
Maloney,Carolyn,Carolyn B. Maloney,2/19/1946,F,rep,NY,Democrat,https://maloney.house.gov
Marchant,Kenny,Kenny Marchant,2/23/1951,M,rep,TX,Republican,https://marchant.house.gov
Markey,Edward,Edward J. Markey,7/11/1946,M,sen,MA,https://www.markey.senate.gov,
Matsui,Doris,Doris O. Matsui,9/25/1944,F,rep,CA,Democrat,https://matsui.house.gov
McCarthy,Kevin,Kevin McCarthy,1/26/1965,M,rep,CA,Republican,https://kevinmccarthy.house.gov
McCaul,Michael,Michael T. McCaul,1/14/1962,M,rep,TX,Republican,https://mccaul.house.gov
McClintock,Tom,Tom McClintock,7/10/1956,M,rep,CA,Republican,https://mcclintock.house.gov
McCollum,Betty,Betty McCollum,7/12/1954,F,rep,MN,Democrat,https://mccollum.house.gov
McGovern,James,James P. McGovern,11/20/1959,M,rep,MA,Democrat,https://mcgovern.house.gov
McHenry,Patrick,Patrick T. McHenry,10/22/1975,M,rep,NC,Republican,https://mchenry.house.gov
McKinley,David,David B. McKinley,3/28/1947,M,rep,WV,Republican,https://mckinley.house.gov
McMorris Rodgers,Cathy,Cathy McMorris Rodgers,5/22/1969,F,rep,WA,Republican,https://mcmorris.house.gov
McNerney,Jerry,Jerry McNerney,6/18/1951,M,rep,CA,Democrat,https://mcnerney.house.gov
Meeks,Gregory,Gregory W. Meeks,9/25/1953,M,rep,NY,Democrat,https://meeks.house.gov
Moore,Gwen,Gwen Moore,4/18/1951,F,rep,WI,Democrat,https://gwenmoore.house.gov
Moran,Jerry,Jerry Moran,5/29/1954,M,sen,KS,https://www.moran.senate.gov,
Murkowski,Lisa,Lisa Murkowski,5/22/1957,F,sen,AK,https://www.murkowski.senate.gov,
Murphy,Christopher,Christopher Murphy,8/3/1973,M,sen,CT,https://www.murphy.senate.gov,
Murray,Patty,Patty Murray,10/11/1950,F,sen,WA,https://www.murray.senate.gov/public,
Nadler,Jerrold,Jerrold Nadler,6/13/1947,M,rep,NY,Democrat,https://nadler.house.gov
Napolitano,Grace,Grace F. Napolitano,12/4/1936,F,rep,CA,Democrat,https://napolitano.house.gov
Neal,Richard,Richard E. Neal,2/14/1949,M,rep,MA,Democrat,https://neal.house.gov
Norton,Eleanor,Eleanor Holmes Norton,6/13/1937,F,rep,DC,Democrat,https://norton.house.gov
Nunes,Devin,Devin Nunes,10/1/1973,M,rep,CA,Republican,https://nunes.house.gov
Olson,Pete,Pete Olson,12/9/1962,M,rep,TX,Republican,https://olson.house.gov
Palazzo,Steven,Steven M. Palazzo,2/21/1970,M,rep,MS,Republican,https://palazzo.house.gov
Pallone,Frank,Frank Pallone,10/30/1951,M,rep,NJ,Democrat,https://pallone.house.gov
Pascrell,Bill,Bill Pascrell,1/25/1937,M,rep,NJ,Democrat,https://pascrell.house.gov
Paul,Rand,Rand Paul,1/7/1963,M,sen,KY,https://www.paul.senate.gov,
Pelosi,Nancy,Nancy Pelosi,3/26/1940,F,rep,CA,Democrat,https://pelosi.house.gov
Perlmutter,Ed,Ed Perlmutter,5/1/1953,M,rep,CO,Democrat,https://perlmutter.house.gov
Peters,Gary,Gary C. Peters,12/1/1958,M,sen,MI,https://www.peters.senate.gov,
Peterson,Collin,Collin C. Peterson,6/29/1944,M,rep,MN,Democrat,https://collinpeterson.house.gov
Pingree,Chellie,Chellie Pingree,4/2/1955,F,rep,ME,Democrat,https://pingree.house.gov
Portman,Robert,Rob Portman,12/19/1955,M,sen,OH,https://www.portman.senate.gov,
Posey,Bill,Bill Posey,12/18/1947,M,rep,FL,Republican,https://posey.house.gov
Price,David,David E. Price,8/17/1940,M,rep,NC,Democrat,https://price.house.gov
Quigley,Mike,Mike Quigley,10/17/1958,M,rep,IL,Democrat,https://quigley.house.gov
Reed,Tom,Tom Reed,11/18/1971,M,rep,NY,Republican,https://reed.house.gov
Richmond,Cedric,Cedric L. Richmond,9/13/1973,M,rep,LA,Democrat,https://richmond.house.gov
Roby,Martha,Martha Roby,7/27/1976,F,rep,AL,Republican,https://roby.house.gov
Roe,David,David P. Roe,7/21/1945,M,rep,TN,Republican,https://roe.house.gov
Rogers,Harold,Harold Rogers,12/31/1937,M,rep,KY,Republican,https://halrogers.house.gov
Rogers,Mike,Mike Rogers,7/16/1958,M,rep,AL,Republican,https://mikerogers.house.gov
Roybal-Allard,Lucille,Lucille Roybal-Allard,6/12/1941,F,rep,CA,Democrat,https://roybal-allard.house.gov
Rubio,Marco,Marco Rubio,5/28/1971,M,sen,FL,https://www.rubio.senate.gov,
Ruppersberger,C.,C. A. Dutch Ruppersberger,1/31/1946,M,rep,MD,Democrat,https://ruppersberger.house.gov
Rush,Bobby,Bobby L. Rush,11/23/1946,M,rep,IL,Democrat,https://rush.house.gov
Ryan,Tim,Tim Ryan,7/16/1973,M,rep,OH,Democrat,https://timryan.house.gov
Sablan,Gregorio,Gregorio Kilili Camacho Sablan,1/19/1955,M,rep,MP,Democrat,https://sablan.house.gov
Sarbanes,John,John P. Sarbanes,5/22/1962,M,rep,MD,Democrat,https://sarbanes.house.gov
Scalise,Steve,Steve Scalise,10/6/1965,M,rep,LA,Republican,https://scalise.house.gov
Schakowsky,Janice,Janice D. Schakowsky,5/26/1944,F,rep,IL,Democrat,https://schakowsky.house.gov
Schiff,Adam,Adam B. Schiff,6/22/1960,M,rep,CA,Democrat,https://schiff.house.gov
Schrader,Kurt,Kurt Schrader,10/19/1951,M,rep,OR,Democrat,https://schrader.house.gov
Schumer,Charles,Charles E. Schumer,11/23/1950,M,sen,NY,https://www.schumer.senate.gov,
Schweikert,David,David Schweikert,3/3/1962,M,rep,AZ,Republican,https://schweikert.house.gov
Scott,Austin,Austin Scott,12/10/1969,M,rep,GA,Republican,https://austinscott.house.gov
Scott,David,David Scott,6/27/1945,M,rep,GA,Democrat,https://davidscott.house.gov
Scott,Robert,"Robert C. ""Bobby"" Scott",4/30/1947,M,rep,VA,Democrat,https://bobbyscott.house.gov
Scott,Tim,Tim Scott,9/19/1965,M,sen,SC,https://www.scott.senate.gov,
Sensenbrenner,F.,F. James Sensenbrenner,6/14/1943,M,rep,WI,Republican,https://sensenbrenner.house.gov
Serrano,José,José E. Serrano,10/24/1943,M,rep,NY,Democrat,https://serrano.house.gov
Sewell,Terri,Terri A. Sewell,1/1/1965,F,rep,AL,Democrat,https://sewell.house.gov
Shelby,Richard,Richard C. Shelby,5/6/1934,M,sen,AL,https://www.shelby.senate.gov,
Sherman,Brad,Brad Sherman,10/24/1954,M,rep,CA,Democrat,https://sherman.house.gov
Shimkus,John,John Shimkus,2/21/1958,M,rep,IL,Republican,https://shimkus.house.gov
Simpson,Michael,Michael K. Simpson,9/8/1950,M,rep,ID,Republican,https://simpson.house.gov
Sires,Albio,Albio Sires,1/26/1951,M,rep,NJ,Democrat,https://sires.house.gov
Smith,Adam,Adam Smith,6/15/1965,M,rep,WA,Democrat,https://adamsmith.house.gov
Smith,Adrian,Adrian Smith,12/19/1970,M,rep,NE,Republican,https://adriansmith.house.gov
Smith,Christopher,Christopher H. Smith,3/4/1953,M,rep,NJ,Republican,https://chrissmith.house.gov
Speier,Jackie,Jackie Speier,5/14/1950,F,rep,CA,Democrat,https://speier.house.gov
Stivers,Steve,Steve Stivers,3/24/1965,M,rep,OH,Republican,https://stivers.house.gov
Sánchez,Linda,Linda T. Sánchez,1/28/1969,F,rep,CA,Democrat,https://lindasanchez.house.gov
Thompson,Bennie,Bennie G. Thompson,1/28/1948,M,rep,MS,Democrat,https://benniethompson.house.gov
Thompson,Mike,Mike Thompson,1/24/1951,M,rep,CA,Democrat,https://mikethompson.house.gov
Thompson,Glenn,Glenn Thompson,7/27/1959,M,rep,PA,Republican,https://thompson.house.gov
Thornberry,Mac,Mac Thornberry,7/15/1958,M,rep,TX,Republican,https://thornberry.house.gov
Thune,John,John Thune,1/7/1961,M,sen,SD,https://www.thune.senate.gov,
Tipton,Scott,Scott R. Tipton,11/9/1956,M,rep,CO,Republican,https://tipton.house.gov
Tonko,Paul,Paul Tonko,6/18/1949,M,rep,NY,Democrat,https://tonko.house.gov
Toomey,Patrick,Patrick J. Toomey,11/17/1961,M,sen,PA,https://www.toomey.senate.gov,
Turner,Michael,Michael R. Turner,1/11/1960,M,rep,OH,Republican,https://turner.house.gov
Upton,Fred,Fred Upton,4/23/1953,M,rep,MI,Republican,https://upton.house.gov
Van Hollen,Chris,Chris Van Hollen,1/10/1959,M,sen,MD,https://www.vanhollen.senate.gov,
Velázquez,Nydia,Nydia M. Velázquez,3/28/1953,F,rep,NY,Democrat,https://velazquez.house.gov
Visclosky,Peter,Peter J. Visclosky,8/13/1949,M,rep,IN,Democrat,https://visclosky.house.gov
Walberg,Tim,Tim Walberg,4/12/1951,M,rep,MI,Republican,https://walberg.house.gov
Walden,Greg,Greg Walden,1/10/1957,M,rep,OR,Republican,https://walden.house.gov
Wasserman Schultz,Debbie,Debbie Wasserman Schultz,9/27/1966,F,rep,FL,Democrat,https://wassermanschultz.house.gov
Waters,Maxine,Maxine Waters,8/15/1938,F,rep,CA,Democrat,https://waters.house.gov
Webster,Daniel,Daniel Webster,4/27/1949,M,rep,FL,Republican,https://webster.house.gov
Welch,Peter,Peter Welch,5/2/1947,M,rep,VT,Democrat,https://welch.house.gov
Wilson,Joe,Joe Wilson,7/31/1947,M,rep,SC,Republican,https://joewilson.house.gov
Wilson,Frederica,Frederica S. Wilson,11/5/1942,F,rep,FL,Democrat,https://wilson.house.gov
Wittman,Robert,Robert J. Wittman,2/3/1959,M,rep,VA,Republican,https://wittman.house.gov
Womack,Steve,Steve Womack,2/18/1957,M,rep,AR,Republican,https://womack.house.gov
Woodall,Rob,Rob Woodall,2/11/1970,M,rep,GA,Republican,https://woodall.house.gov
Wyden,Ron,Ron Wyden,5/3/1949,M,sen,OR,https://www.wyden.senate.gov,
Yarmuth,John,John A. Yarmuth,11/4/1947,M,rep,KY,Democrat,https://yarmuth.house.gov
Young,Don,Don Young,6/9/1933,M,rep,AK,Republican,https://donyoung.house.gov
Young,Todd,Todd Young,8/24/1972,M,sen,IN,https://www.young.senate.gov,
Amodei,Mark,Mark E. Amodei,6/12/1958,M,rep,NV,Republican,https://amodei.house.gov
Bonamici,Suzanne,Suzanne Bonamici,10/14/1954,F,rep,OR,Democrat,https://bonamici.house.gov
DelBene,Suzan,Suzan K. DelBene,2/17/1962,F,rep,WA,Democrat,https://delbene.house.gov
Massie,Thomas,Thomas Massie,1/13/1971,M,rep,KY,Republican,https://massie.house.gov
Payne,Donald,Donald M. Payne,12/17/1958,M,rep,NJ,Democrat,https://payne.house.gov
Schatz,Brian,Brian Schatz,10/20/1972,M,sen,HI,https://www.schatz.senate.gov,
Foster,Bill,Bill Foster,10/7/1955,M,rep,IL,Democrat,https://foster.house.gov
Titus,Dina,Dina Titus,5/23/1950,F,rep,NV,Democrat,https://titus.house.gov
Cotton,Tom,Tom Cotton,5/13/1977,M,sen,AR,https://www.cotton.senate.gov,
Sinema,Kyrsten,Kyrsten Sinema,7/12/1976,F,sen,AZ,https://www.sinema.senate.gov,
LaMalfa,Doug,Doug LaMalfa,7/2/1960,M,rep,CA,Republican,https://lamalfa.house.gov
Huffman,Jared,Jared Huffman,2/18/1964,M,rep,CA,Democrat,https://huffman.house.gov
Bera,Ami,Ami Bera,3/2/1965,M,rep,CA,Democrat,https://bera.house.gov
Swalwell,Eric,Eric Swalwell,11/16/1980,M,rep,CA,Democrat,https://swalwell.house.gov
Brownley,Julia,Julia Brownley,8/28/1952,F,rep,CA,Democrat,https://juliabrownley.house.gov
Cárdenas,Tony,Tony Cárdenas,3/31/1963,M,rep,CA,Democrat,https://cardenas.house.gov
Ruiz,Raul,Raul Ruiz,8/25/1972,M,rep,CA,Democrat,https://ruiz.house.gov
Takano,Mark,Mark Takano,12/10/1960,M,rep,CA,Democrat,https://takano.house.gov
Lowenthal,Alan,Alan S. Lowenthal,3/8/1941,M,rep,CA,Democrat,https://lowenthal.house.gov
Vargas,Juan,Juan Vargas,3/7/1961,M,rep,CA,Democrat,https://vargas.house.gov
Peters,Scott,Scott H. Peters,6/17/1958,M,rep,CA,Democrat,https://scottpeters.house.gov
Yoho,Ted,Ted S. Yoho,4/13/1955,M,rep,FL,Republican,https://yoho.house.gov
Frankel,Lois,Lois Frankel,5/16/1948,F,rep,FL,Democrat,https://frankel.house.gov
Collins,Doug,Doug Collins,8/16/1966,M,rep,GA,Republican,https://dougcollins.house.gov
Gabbard,Tulsi,Tulsi Gabbard,4/12/1981,F,rep,HI,Democrat,https://gabbard.house.gov
Duckworth,Tammy,Tammy Duckworth,3/12/1968,F,sen,IL,https://www.duckworth.senate.gov,
Davis,Rodney,Rodney Davis,1/5/1970,M,rep,IL,Republican,https://rodneydavis.house.gov
Bustos,Cheri,Cheri Bustos,10/17/1961,F,rep,IL,Democrat,https://bustos.house.gov
Walorski,Jackie,Jackie Walorski,8/17/1963,F,rep,IN,Republican,https://walorski.house.gov
Brooks,Susan,Susan W. Brooks,8/25/1960,F,rep,IN,Republican,https://susanwbrooks.house.gov
Barr,Garland,Andy Barr,7/24/1973,M,rep,KY,Republican,https://barr.house.gov
Warren,Elizabeth,Elizabeth Warren,6/22/1949,F,sen,MA,https://www.warren.senate.gov,
Kennedy,Joseph,Joseph P. Kennedy III,10/4/1980,M,rep,MA,Democrat,https://kennedy.house.gov
King,Angus,Angus S. King,3/31/1944,M,sen,ME,https://www.king.senate.gov,
Kildee,Daniel,Daniel T. Kildee,8/11/1958,M,rep,MI,Democrat,https://dankildee.house.gov
Wagner,Ann,Ann Wagner,9/13/1962,F,rep,MO,Republican,https://wagner.house.gov
Daines,Steve,Steve Daines,8/20/1962,M,sen,MT,https://www.daines.senate.gov,
Hudson,Richard,Richard Hudson,11/4/1971,M,rep,NC,Republican,https://hudson.house.gov
Holding,George,George Holding,4/17/1968,M,rep,NC,Republican,https://holding.house.gov
Cramer,Kevin,Kevin Cramer,1/21/1961,M,sen,ND,https://www.cramer.senate.gov,
Fischer,Deb,Deb Fischer,3/1/1951,F,sen,NE,https://www.fischer.senate.gov,
Kuster,Ann,Ann M. Kuster,9/5/1956,F,rep,NH,Democrat,https://kuster.house.gov
Meng,Grace,Grace Meng,10/1/1975,F,rep,NY,Democrat,https://meng.house.gov
Jeffries,Hakeem,Hakeem S. Jeffries,8/4/1970,M,rep,NY,Democrat,https://jeffries.house.gov
Maloney,Sean,Sean Patrick Maloney,7/30/1966,M,rep,NY,Democrat,https://seanmaloney.house.gov
Wenstrup,Brad,Brad R. Wenstrup,6/17/1958,M,rep,OH,Republican,https://wenstrup.house.gov
Beatty,Joyce,Joyce Beatty,3/12/1950,F,rep,OH,Democrat,https://beatty.house.gov
Joyce,David,David P. Joyce,3/17/1957,M,rep,OH,Republican,https://joyce.house.gov
Mullin,Markwayne,Markwayne Mullin,7/26/1977,M,rep,OK,Republican,https://mullin.house.gov
Perry,Scott,Scott Perry,5/27/1962,M,rep,PA,Republican,https://perry.house.gov
Cartwright,Matthew,Matt Cartwright,5/1/1961,M,rep,PA,Democrat,https://cartwright.house.gov
Rice,Tom,Tom Rice,8/4/1957,M,rep,SC,Republican,https://rice.house.gov
Cruz,Ted,Ted Cruz,12/22/1970,M,sen,TX,https://www.cruz.senate.gov,
Weber,Randy,Randy K. Weber,7/2/1953,M,rep,TX,Republican,https://weber.house.gov
Castro,Joaquin,Joaquin Castro,9/16/1974,M,rep,TX,Democrat,https://castro.house.gov
Williams,Roger,Roger Williams,9/13/1949,M,rep,TX,Republican,https://williams.house.gov
Veasey,Marc,Marc A. Veasey,1/3/1971,M,rep,TX,Democrat,https://veasey.house.gov
Vela,Filemon,Filemon Vela,2/13/1963,M,rep,TX,Democrat,https://vela.house.gov
Stewart,Chris,Chris Stewart,7/15/1960,M,rep,UT,Republican,https://stewart.house.gov
Kaine,Timothy,Tim Kaine,2/26/1958,M,sen,VA,https://www.kaine.senate.gov,
Kilmer,Derek,Derek Kilmer,1/1/1974,M,rep,WA,Democrat,https://kilmer.house.gov
Heck,Denny,Denny Heck,7/29/1952,M,rep,WA,Democrat,https://dennyheck.house.gov
Pocan,Mark,Mark Pocan,8/14/1964,M,rep,WI,Democrat,https://pocan.house.gov
Kelly,Robin,Robin L. Kelly,4/30/1956,F,rep,IL,Democrat,https://robinkelly.house.gov
Smith,Jason,Jason Smith,6/16/1980,M,rep,MO,Republican,https://jasonsmith.house.gov
Booker,Cory,Cory A. Booker,4/27/1969,M,sen,NJ,https://www.booker.senate.gov,
Clark,Katherine,Katherine M. Clark,7/17/1963,F,rep,MA,Democrat,https://katherineclark.house.gov
Byrne,Bradley,Bradley Byrne,2/16/1955,M,rep,AL,Republican,https://byrne.house.gov
Norcross,Donald,Donald Norcross,12/13/1958,M,rep,NJ,Democrat,https://norcross.house.gov
Adams,Alma,Alma S. Adams,5/27/1946,F,rep,NC,Democrat,https://adams.house.gov
Palmer,Gary,Gary J. Palmer,5/14/1954,M,rep,AL,Republican,https://palmer.house.gov
Hill,French,J. French Hill,12/5/1956,M,rep,AR,Republican,https://hill.house.gov
Westerman,Bruce,Bruce Westerman,11/18/1967,M,rep,AR,Republican,https://westerman.house.gov
Gallego,Ruben,Ruben Gallego,11/20/1979,M,rep,AZ,Democrat,https://rubengallego.house.gov
DeSaulnier,Mark,Mark DeSaulnier,3/31/1952,M,rep,CA,Democrat,https://desaulnier.house.gov
Aguilar,Pete,Pete Aguilar,6/19/1979,M,rep,CA,Democrat,https://aguilar.house.gov
Lieu,Ted,Ted Lieu,3/29/1969,M,rep,CA,Democrat,https://lieu.house.gov
Torres,Norma,Norma J. Torres,4/4/1965,F,rep,CA,Democrat,https://torres.house.gov
Buck,Ken,Ken Buck,2/16/1959,M,rep,CO,Republican,https://buck.house.gov
Carter,Buddy,"Earl L. ""Buddy"" Carter",9/6/1957,M,rep,GA,Republican,https://buddycarter.house.gov
Hice,Jody,Jody B. Hice,4/22/1960,M,rep,GA,Republican,https://hice.house.gov
Loudermilk,Barry,Barry Loudermilk,12/22/1963,M,rep,GA,Republican,https://loudermilk.house.gov
Allen,Rick,Rick W. Allen,11/7/1951,M,rep,GA,Republican,https://allen.house.gov
Bost,Mike,Mike Bost,12/30/1960,M,rep,IL,Republican,https://bost.house.gov
Abraham,Ralph,Ralph Lee Abraham,9/16/1954,M,rep,LA,Republican,https://abraham.house.gov
Graves,Garret,Garret Graves,1/31/1972,M,rep,LA,Republican,https://garretgraves.house.gov
Moulton,Seth,Seth Moulton,10/24/1978,M,rep,MA,Democrat,https://moulton.house.gov
Moolenaar,John,John R. Moolenaar,5/8/1961,M,rep,MI,Republican,https://moolenaar.house.gov
Dingell,Debbie,Debbie Dingell,11/23/1953,F,rep,MI,Democrat,https://debbiedingell.house.gov
Lawrence,Brenda,Brenda L. Lawrence,10/18/1954,F,rep,MI,Democrat,https://lawrence.house.gov
Emmer,Tom,Tom Emmer,3/3/1961,M,rep,MN,Republican,https://emmer.house.gov
Rouzer,David,David Rouzer,2/16/1972,M,rep,NC,Republican,https://rouzer.house.gov
Watson Coleman,Bonnie,Bonnie Watson Coleman,2/6/1945,F,rep,NJ,Democrat,https://watsoncoleman.house.gov
Zeldin,Lee,Lee M. Zeldin,1/30/1980,M,rep,NY,Republican,https://zeldin.house.gov
Rice,Kathleen,Kathleen M. Rice,2/15/1965,F,rep,NY,Democrat,https://kathleenrice.house.gov
Stefanik,Elise,Elise M. Stefanik,7/2/1984,F,rep,NY,Republican,https://stefanik.house.gov
Katko,John,John Katko,11/9/1962,M,rep,NY,Republican,https://katko.house.gov
Boyle,Brendan,Brendan F. Boyle,2/6/1977,M,rep,PA,Democrat,https://boyle.house.gov
Hurd,Will,Will Hurd,8/19/1977,M,rep,TX,Republican,https://hurd.house.gov
Babin,Brian,Brian Babin,3/23/1948,M,rep,TX,Republican,https://babin.house.gov
Beyer,Donald,Donald S. Beyer,6/20/1950,M,rep,VA,Democrat,https://beyer.house.gov
Plaskett,Stacey,Stacey E. Plaskett,5/13/1966,F,rep,VI,Democrat,https://plaskett.house.gov
Newhouse,Dan,Dan Newhouse,7/10/1955,M,rep,WA,Republican,https://newhouse.house.gov
Grothman,Glenn,Glenn Grothman,7/3/1955,M,rep,WI,Republican,https://grothman.house.gov
Mooney,Alex,Alexander X. Mooney,6/5/1971,M,rep,WV,Republican,https://mooney.house.gov
Amata,Aumua,Aumua Amata Coleman Radewagen,12/29/1947,F,rep,AS,Republican,https://radewagen.house.gov
Sullivan,Dan,Dan Sullivan,11/13/1964,M,sen,AK,https://www.sullivan.senate.gov,
Perdue,David,David Perdue,12/10/1949,M,sen,GA,https://www.perdue.senate.gov,
Ernst,Joni,Joni Ernst,7/1/1970,F,sen,IA,https://www.ernst.senate.gov/public,
Tillis,Thom,Thom Tillis,8/30/1960,M,sen,NC,https://www.tillis.senate.gov,
Rounds,Mike,Mike Rounds,10/24/1954,M,sen,SD,https://www.rounds.senate.gov,
Walker,Mark,Mark Walker,5/20/1969,M,rep,NC,Republican,https://walker.house.gov
Sasse,Benjamin,Ben Sasse,2/22/1972,M,sen,NE,https://www.sasse.senate.gov/public,
Kelly,Trent,Trent Kelly,3/1/1966,M,rep,MS,Republican,https://trentkelly.house.gov
LaHood,Darin,Darin LaHood,7/5/1968,M,rep,IL,Republican,https://lahood.house.gov
Davidson,Warren,Warren Davidson,3/1/1970,M,rep,OH,Republican,https://davidson.house.gov
Comer,James,James Comer,8/19/1972,M,rep,KY,Republican,https://comer.house.gov
Evans,Dwight,Dwight Evans,5/16/1954,M,rep,PA,Democrat,https://evans.house.gov
Harris,Kamala,Kamala D. Harris,10/20/1964,F,sen,CA,https://www.harris.senate.gov,
Kennedy,John,John Kennedy,11/21/1951,M,sen,LA,https://www.kennedy.senate.gov/public,
Hassan,Margaret,Margaret Wood Hassan,2/27/1958,F,sen,NH,https://www.hassan.senate.gov,
Cortez Masto,Catherine,Catherine Cortez Masto,3/29/1964,F,sen,NV,https://www.cortezmasto.senate.gov,
Schneider,Bradley,Bradley Scott Schneider,8/20/1961,M,rep,IL,Democrat,https://schneider.house.gov
O’Halleran,Tom,Tom O'Halleran,1/24/1946,M,rep,AZ,Democrat,https://ohalleran.house.gov
Biggs,Andy,Andy Biggs,11/7/1958,M,rep,AZ,Republican,https://biggs.house.gov
Khanna,Ro,Ro Khanna,9/13/1976,M,rep,CA,Democrat,https://khanna.house.gov
Panetta,Jimmy,Jimmy Panetta,10/1/1969,M,rep,CA,Democrat,https://panetta.house.gov
Carbajal,Salud,Salud O. Carbajal,11/18/1964,M,rep,CA,Democrat,https://carbajal.house.gov
Barragán,Nanette,Nanette Diaz Barragán,9/15/1976,F,rep,CA,Democrat,https://barragan.house.gov
Correa,J.,J. Luis Correa,1/24/1958,M,rep,CA,Democrat,https://correa.house.gov
Blunt Rochester,Lisa,Lisa Blunt Rochester,2/10/1962,F,rep,DE,Democrat,https://bluntrochester.house.gov
Gaetz,Matt,Matt Gaetz,5/7/1982,M,rep,FL,Republican,https://gaetz.house.gov
Dunn,Neal,Neal P. Dunn,2/16/1953,M,rep,FL,Republican,https://dunn.house.gov
Rutherford,John,John H. Rutherford,9/2/1952,M,rep,FL,Republican,https://rutherford.house.gov
Lawson,Al,Al Lawson,9/23/1948,M,rep,FL,Democrat,https://lawson.house.gov
Murphy,Stephanie,Stephanie N. Murphy,9/16/1978,F,rep,FL,Democrat,https://murphy.house.gov
Soto,Darren,Darren Soto,2/25/1978,M,rep,FL,Democrat,https://soto.house.gov
Demings,Val,Val Butler Demings,3/12/1957,F,rep,FL,Democrat,https://demings.house.gov
Crist,Charlie,Charlie Crist,7/24/1956,M,rep,FL,Democrat,https://crist.house.gov
Mast,Brian,Brian J. Mast,7/10/1980,M,rep,FL,Republican,https://mast.house.gov
Rooney,Francis,Francis Rooney,12/4/1953,M,rep,FL,Republican,https://francisrooney.house.gov
Ferguson,A.,A. Drew Ferguson IV,11/15/1966,M,rep,GA,Republican,https://ferguson.house.gov
Krishnamoorthi,Raja,Raja Krishnamoorthi,7/19/1973,M,rep,IL,Democrat,https://krishnamoorthi.house.gov
Banks,Jim,Jim Banks,7/16/1979,M,rep,IN,Republican,https://banks.house.gov
Hollingsworth,Trey,Trey Hollingsworth,9/12/1983,M,rep,IN,Republican,https://hollingsworth.house.gov
Marshall,Roger,Roger W. Marshall,8/9/1960,M,rep,KS,Republican,https://marshall.house.gov
Higgins,Clay,Clay Higgins,8/24/1961,M,rep,LA,Republican,https://clayhiggins.house.gov
Johnson,Mike,Mike Johnson,1/30/1972,M,rep,LA,Republican,https://mikejohnson.house.gov
Brown,Anthony,Anthony G. Brown,11/21/1961,M,rep,MD,Democrat,https://anthonybrown.house.gov
Raskin,Jamie,Jamie Raskin,12/13/1962,M,rep,MD,Democrat,https://raskin.house.gov
Bergman,Jack,Jack Bergman,2/2/1947,M,rep,MI,Republican,https://bergman.house.gov
Mitchell,Paul,Paul Mitchell,5/8/1961,M,rep,MI,Independent,https://mitchell.house.gov
Budd,Ted,Ted Budd,10/21/1971,M,rep,NC,Republican,https://budd.house.gov
Bacon,Don,Don Bacon,8/16/1963,M,rep,NE,Republican,https://bacon.house.gov
Gottheimer,Josh,Josh Gottheimer,3/8/1975,M,rep,NJ,Democrat,https://gottheimer.house.gov
Rosen,Jacky,Jacky Rosen,8/2/1957,F,sen,NV,https://www.rosen.senate.gov,
Suozzi,Thomas,Thomas R. Suozzi,8/31/1962,M,rep,NY,Democrat,https://suozzi.house.gov
Espaillat,Adriano,Adriano Espaillat,9/27/1954,M,rep,NY,Democrat,https://espaillat.house.gov
Fitzpatrick,Brian,Brian K. Fitzpatrick,12/17/1973,M,rep,PA,Republican,https://fitzpatrick.house.gov
Smucker,Lloyd,Lloyd Smucker,1/23/1964,M,rep,PA,Republican,https://smucker.house.gov
Gonzalez-Colon,Jenniffer,Jenniffer Gonzalez-Colon,8/5/1976,F,rep,PR,Republican,https://gonzalez-colon.house.gov
Kustoff,David,David Kustoff,10/8/1966,M,rep,TN,Republican,https://kustoff.house.gov
Gonzalez,Vicente,Vicente Gonzalez,9/4/1967,M,rep,TX,Democrat,https://gonzalez.house.gov
Arrington,Jodey,Jodey C. Arrington,3/9/1972,M,rep,TX,Republican,https://arrington.house.gov
McEachin,A.,A. Donald McEachin,10/10/1961,M,rep,VA,Democrat,https://mceachin.house.gov
Jayapal,Pramila,Pramila Jayapal,9/21/1965,F,rep,WA,Democrat,https://jayapal.house.gov
Gallagher,Mike,Mike Gallagher,3/3/1984,M,rep,WI,Republican,https://gallagher.house.gov
Cheney,Liz,Liz Cheney,7/28/1966,F,rep,WY,Republican,https://cheney.house.gov
Estes,Ron,Ron Estes,7/19/1956,M,rep,KS,Republican,https://estes.house.gov
Gianforte,Greg,Greg Gianforte,4/17/1961,M,rep,MT,Republican,https://gianforte.house.gov
Norman,Ralph,Ralph Norman,6/20/1953,M,rep,SC,Republican,https://norman.house.gov
Gomez,Jimmy,Jimmy Gomez,11/25/1974,M,rep,CA,Democrat,https://gomez.house.gov
Curtis,John,John R. Curtis,5/10/1960,M,rep,UT,Republican,https://curtis.house.gov
Jones,Doug,Doug Jones,5/4/1954,M,sen,AL,https://www.jones.senate.gov,
Smith,Tina,Tina Smith,3/4/1958,F,sen,MN,https://www.smith.senate.gov,
Hyde-Smith,Cindy,Cindy Hyde-Smith,5/10/1959,F,sen,MS,https://www.hydesmith.senate.gov,
Lamb,Conor,Conor Lamb,6/27/1984,M,rep,PA,Democrat,https://lamb.house.gov
Lesko,Debbie,Debbie Lesko,11/14/1958,F,rep,AZ,Republican,https://lesko.house.gov
Cloud,Michael,Michael Cloud,5/13/1975,M,rep,TX,Republican,https://cloud.house.gov
Balderson,Troy,Troy Balderson,1/16/1962,M,rep,OH,Republican,https://balderson.house.gov
Hern,Kevin,Kevin Hern,12/4/1961,M,rep,OK,Republican,https://hern.house.gov
Morelle,Joseph,Joseph D. Morelle,4/29/1957,M,rep,NY,Democrat,https://morelle.house.gov
Scanlon,Mary,Mary Gay Scanlon,8/30/1959,F,rep,PA,Democrat,https://scanlon.house.gov
Wild,Susan,Susan Wild,6/7/1957,F,rep,PA,Democrat,https://wild.house.gov
Case,Ed,Ed Case,9/27/1952,M,rep,HI,Democrat,https://case.house.gov
Horsford,Steven,Steven Horsford,4/29/1973,M,rep,NV,Democrat,https://horsford.house.gov
Kirkpatrick,Ann,Ann Kirkpatrick,3/24/1950,F,rep,AZ,Democrat,https://kirkpatrick.house.gov
Stanton,Greg,Greg Stanton,3/8/1970,M,rep,AZ,Democrat,https://stanton.house.gov
Harder,Josh,Josh Harder,8/1/1986,M,rep,CA,Democrat,https://harder.house.gov
Cox,TJ,TJ Cox,7/18/1963,M,rep,CA,Democrat,https://cox.house.gov
Cisneros,Gilbert,Gilbert Ray Cisneros,2/12/1971,M,rep,CA,Democrat,https://cisneros.house.gov
Porter,Katie,Katie Porter,1/3/1974,F,rep,CA,Democrat,https://porter.house.gov
Rouda,Harley,Harley Rouda,12/10/1961,M,rep,CA,Democrat,https://rouda.house.gov
Levin,Mike,Mike Levin,10/28/1978,M,rep,CA,Democrat,https://mikelevin.house.gov
Neguse,Joe,Joe Neguse,5/13/1984,M,rep,CO,Democrat,https://neguse.house.gov
Crow,Jason,Jason Crow,3/15/1979,M,rep,CO,Democrat,https://crow.house.gov
Hayes,Jahana,Jahana Hayes,3/8/1973,F,rep,CT,Democrat,https://hayes.house.gov
Waltz,Michael,Michael Waltz,1/31/1974,M,rep,FL,Republican,https://waltz.house.gov
Spano,Ross,Ross Spano,7/16/1966,M,rep,FL,Republican,https://spano.house.gov
Steube,W.,W. Gregory Steube,5/19/1978,M,rep,FL,Republican,https://steube.house.gov
Mucarsel-Powell,Debbie,Debbie Mucarsel-Powell,1/18/1971,F,rep,FL,Democrat,https://mucarsel-powell.house.gov
Shalala,Donna,Donna E. Shalala,2/14/1941,F,rep,FL,Democrat,https://shalala.house.gov
McBath,Lucy,Lucy McBath,6/1/1960,F,rep,GA,Democrat,https://mcbath.house.gov
San Nicolas,Michael,Michael F. Q. San Nicolas,1/30/1981,M,rep,GU,Democrat,https://sannicolas.house.gov
Finkenauer,Abby,Abby Finkenauer,12/27/1988,F,rep,IA,Democrat,https://finkenauer.house.gov
Axne,Cynthia,Cynthia Axne,4/20/1965,F,rep,IA,Democrat,https://axne.house.gov
Fulcher,Russ,Russ Fulcher,7/19/1973,M,rep,ID,Republican,https://fulcher.house.gov
Garcia,Jesús,Jesus G. Garcia,4/12/1956,M,rep,IL,Democrat,https://chuygarcia.house.gov
Casten,Sean,Sean Casten,11/23/1971,M,rep,IL,Democrat,https://casten.house.gov
Underwood,Lauren,Lauren Underwood,10/4/1986,F,rep,IL,Democrat,https://underwood.house.gov
Baird,James,James R. Baird,6/4/1945,M,rep,IN,Republican,https://baird.house.gov
Pence,Greg,Greg Pence,11/14/1956,M,rep,IN,Republican,https://pence.house.gov
Watkins,Steven,Steve Watkins,9/18/1976,M,rep,KS,Republican,https://watkins.house.gov
Davids,Sharice,Sharice Davids,5/22/1980,F,rep,KS,Democrat,https://davids.house.gov
Trahan,Lori,Lori Trahan,10/27/1973,F,rep,MA,Democrat,https://trahan.house.gov
Pressley,Ayanna,Ayanna Pressley,2/3/1974,F,rep,MA,Democrat,https://pressley.house.gov
Trone,David,David J. Trone,9/21/1955,M,rep,MD,Democrat,https://trone.house.gov
Slotkin,Elissa,Elissa Slotkin,7/10/1976,F,rep,MI,Democrat,https://slotkin.house.gov
Levin,Andy,Andy Levin,8/1/1960,M,rep,MI,Democrat,https://andylevin.house.gov
Stevens,Haley,Haley M. Stevens,6/24/1983,F,rep,MI,Democrat,https://stevens.house.gov
Tlaib,Rashida,Rashida Tlaib,7/24/1976,F,rep,MI,Democrat,https://tlaib.house.gov
Hagedorn,Jim,Jim Hagedorn,8/4/1962,M,rep,MN,Republican,https://hagedorn.house.gov
Craig,Angie,Angie Craig,2/14/1972,F,rep,MN,Democrat,https://craig.house.gov
Phillips,Dean,Dean Phillips,1/20/1969,M,rep,MN,Democrat,https://phillips.house.gov
Omar,Ilhan,Ilhan Omar,10/4/1981,F,rep,MN,Democrat,https://omar.house.gov
Stauber,Pete,Pete Stauber,5/10/1966,M,rep,MN,Republican,https://stauber.house.gov
Guest,Michael,Michael Guest,2/4/1970,M,rep,MS,Republican,https://guest.house.gov
Armstrong,Kelly,Kelly Armstrong,10/8/1976,M,rep,ND,Republican,https://armstrong.house.gov
Pappas,Chris,Chris Pappas,6/4/1980,M,rep,NH,Democrat,https://pappas.house.gov
Van Drew,Jefferson,Jefferson Van Drew,2/23/1953,M,rep,NJ,Republican,https://vandrew.house.gov
Kim,Andy,Andy Kim,7/12/1982,M,rep,NJ,Democrat,https://kim.house.gov
Malinowski,Tom,Tom Malinowski,9/23/1965,M,rep,NJ,Democrat,https://malinowski.house.gov
Sherrill,Mikie,Mikie Sherrill,1/19/1972,F,rep,NJ,Democrat,https://sherrill.house.gov
Haaland,Debra,Debra A. Haaland,12/2/1960,F,rep,NM,Democrat,https://haaland.house.gov
Torres Small,Xochitl,Xochitl Torres Small,11/15/1984,F,rep,NM,Democrat,https://torressmall.house.gov
Lee,Susie,Susie Lee,11/7/1966,F,rep,NV,Democrat,https://susielee.house.gov
Rose,Max,Max Rose,11/28/1986,M,rep,NY,Democrat,https://maxrose.house.gov
Ocasio-Cortez,Alexandria,Alexandria Ocasio-Cortez,10/13/1989,F,rep,NY,Democrat,https://ocasio-cortez.house.gov
Delgado,Antonio,Antonio Delgado,1/19/1977,M,rep,NY,Democrat,https://delgado.house.gov
Brindisi,Anthony,Anthony Brindisi,11/22/1978,M,rep,NY,Democrat,https://brindisi.house.gov
Gonzalez,Anthony,Anthony Gonzalez,9/19/1984,M,rep,OH,Republican,https://anthonygonzalez.house.gov
Horn,Kendra,Kendra S. Horn,6/9/1976,F,rep,OK,Democrat,https://horn.house.gov
Dean,Madeleine,Madeleine Dean,6/6/1959,F,rep,PA,Democrat,https://dean.house.gov
Houlahan,Chrissy,Chrissy Houlahan,6/5/1967,F,rep,PA,Democrat,https://houlahan.house.gov
Meuser,Daniel,Daniel Meuser,2/10/1964,M,rep,PA,Republican,https://meuser.house.gov
Joyce,John,John Joyce,2/8/1957,M,rep,PA,Republican,https://johnjoyce.house.gov
Reschenthaler,Guy,Guy Reschenthaler,4/17/1983,M,rep,PA,Republican,https://reschenthaler.house.gov
Cunningham,Joe,Joe Cunningham,5/26/1982,M,rep,SC,Democrat,https://cunningham.house.gov
Timmons,William,William R. Timmons IV,4/30/1984,M,rep,SC,Republican,https://timmons.house.gov
Johnson,Dusty,Dusty Johnson,9/30/1976,M,rep,SD,Republican,https://dustyjohnson.house.gov
Burchett,Tim,Tim Burchett,8/25/1964,M,rep,TN,Republican,https://burchett.house.gov
Rose,John,John W. Rose,2/23/1965,M,rep,TN,Republican,https://johnrose.house.gov
Green,Mark,Mark E. Green,11/8/1964,M,rep,TN,Republican,https://markgreen.house.gov
Crenshaw,Dan,Dan Crenshaw,3/14/1984,M,rep,TX,Republican,https://crenshaw.house.gov
Taylor,Van,Van Taylor,8/1/1972,M,rep,TX,Republican,https://vantaylor.house.gov
Gooden,Lance,Lance Gooden,12/1/1982,M,rep,TX,Republican,https://gooden.house.gov
Wright,Ron,Ron Wright,4/8/1953,M,rep,TX,Republican,https://wright.house.gov
Fletcher,Lizzie,Lizzie Fletcher,2/13/1975,F,rep,TX,Democrat,https://fletcher.house.gov
Escobar,Veronica,Veronica Escobar,9/15/1969,F,rep,TX,Democrat,https://escobar.house.gov
Roy,Chip,Chip Roy,8/7/1972,M,rep,TX,Republican,https://roy.house.gov
Garcia,Sylvia,Sylvia R. Garcia,9/6/1950,F,rep,TX,Democrat,https://sylviagarcia.house.gov
Allred,Colin,Colin Z. Allred,4/15/1983,M,rep,TX,Democrat,https://allred.house.gov
McAdams,Ben,Ben McAdams,12/5/1974,M,rep,UT,Democrat,https://mcadams.house.gov
Luria,Elaine,Elaine G. Luria,8/15/1975,F,rep,VA,Democrat,https://luria.house.gov
Riggleman,Denver,Denver Riggleman,3/1/1970,M,rep,VA,Republican,https://riggleman.house.gov
Cline,Ben,Ben Cline,2/29/1972,M,rep,VA,Republican,https://cline.house.gov
Spanberger,Abigail,Abigail Davis Spanberger,8/7/1979,F,rep,VA,Democrat,https://spanberger.house.gov
Wexton,Jennifer,Jennifer Wexton,5/27/1968,F,rep,VA,Democrat,https://wexton.house.gov
Schrier,Kim,Kim Schrier,8/23/1968,F,rep,WA,Democrat,https://schrier.house.gov
Steil,Bryan,Bryan Steil,3/30/1981,M,rep,WI,Republican,https://steil.house.gov
Miller,Carol,Carol D. Miller,11/4/1950,F,rep,WV,Republican,https://miller.house.gov
Scott,Rick,Rick Scott,12/1/1952,M,sen,FL,https://www.rickscott.senate.gov,
Braun,Mike,Mike Braun,3/24/1954,M,sen,IN,https://www.braun.senate.gov,
Hawley,Joshua,Josh Hawley,12/31/1979,M,sen,MO,https://www.hawley.senate.gov,
Romney,Mitt,Mitt Romney,3/12/1947,M,sen,UT,https://www.romney.senate.gov,
Golden,Jared,Jared F. Golden,7/25/1982,M,rep,ME,Democrat,https://golden.house.gov
Keller,Fred,Fred Keller,10/23/1965,M,rep,PA,Republican,https://keller.house.gov
Bishop,Dan,Dan Bishop,7/1/1964,M,rep,NC,Republican,https://danbishop.house.gov/
Murphy,Gregory,Gregory F. Murphy,3/5/1963,M,rep,NC,Republican,https://gregmurphy.house.gov/
Loeffler,Kelly,Kelly Loeffler,11/27/1970,F,sen,GA,https://www.loeffler.senate.gov,
Mfume,Kweisi,Kweisi Mfume,10/24/1948,M,rep,MD,Democrat,
Tiffany,Thomas,Thomas P. Tiffany,12/30/1957,M,rep,WI,Republican,
Garcia,Mike,Mike Garcia,4/24/1976,M,rep,CA,Republican,
Jacobs,Chris,Chris Jacobs,11/28/1966,M,rep,NY,Republican,
Kelly,Mark,Mark Kelly,2/21/1964,M,sen,AZ,https://www.kelly.senate.gov,
Hall,Kwanza,Kwanza Hall,5/1/1971,M,rep,GA,Democrat,https://hall.house.gov/
